INSERT INTO `users` (`id`, `firstname`, `lastname`, `username`, `email`, `email_verified_at`, `password`, `role`, `contact`, `address`, `photo`, `is_verified`, `remember_token`, `created_at`, `updated_at`) VALUES
(2, 'Admin', '', 'admin', 'user@admin', NULL, '$2y$12$BSXgyj5FvlzFeES9Ff8gyOzXpTdqTxUsk6x1Zppsv2Z34Nh1X.qGm', 0, '', '', '', '1', NULL, '2024-12-23 23:21:46', '2024-12-23 23:21:46'),
(9, 'Tarzan', 'Cruz', 'Tarzan9', 'email@gmail.com', NULL, '$2y$12$5hJ7Wpqgg8Kjr.R3gZwTZuW2BA1cet7OHC/qWcEMaEL1496LYIeq.', 1, '09876543210', 'Poblacion Lingayen Pangasinan', '6x.jpg', '1', NULL, '2024-12-23 23:21:46', '2024-12-23 23:21:46'),
(10, 'Nika', 'David', 'Nika10', 'learner@gmail.com', NULL, '$2y$12$5hJ7Wpqgg8Kjr.R3gZwTZuW2BA1cet7OHC/qWcEMaEL1496LYIeq.', 2, '09876543210', 'New Street West, Lingayen Pangasinan', 'img3.jpg', '0', NULL, '2024-12-23 23:21:46', '2024-12-23 23:21:46'),
(12, 'John', 'Doe', 'John12', 'tutor1@gmail.com', NULL, '$2y$12$5hJ7Wpqgg8Kjr.R3gZwTZuW2BA1cet7OHC/qWcEMaEL1496LYIeq.', 0, '09876543210', 'Poblacion Lingayen Pangasinan', '', '0', NULL, '2024-12-23 23:21:46', '2024-12-23 23:21:46'),
(13, 'James', 'Doe', 'James13', 'tutor2@gmail.com', NULL, '$2y$12$5hJ7Wpqgg8Kjr.R3gZwTZuW2BA1cet7OHC/qWcEMaEL1496LYIeq.', 1, '09876543210', 'Poblacion Lingayen Pangasinan', '', '1', NULL, '2024-12-23 23:21:46', '2024-12-23 23:21:46'),
(14, 'Mary Rose', 'Cacamba', 'Mary14', 'tutorTest1@gmail.com', NULL, '$2y$12$5hJ7Wpqgg8Kjr.R3gZwTZuW2BA1cet7OHC/qWcEMaEL1496LYIeq.', 1, '09451233211', 'Libsong East Lingayen Pangasinan', 'teacher.png', '1', NULL, '2024-12-23 23:21:46', '2024-12-23 23:21:46'),
(15, 'Alex', 'Ventana', 'Alex15', 'tutorTest2@gmail.com', NULL, '$2y$12$5hJ7Wpqgg8Kjr.R3gZwTZuW2BA1cet7OHC/qWcEMaEL1496LYIeq.', 1, '0945561236', 'Pangpang Lingayen Pangasinan', 'T.jpg', '1', NULL, '2024-12-23 23:21:46', '2024-12-23 23:21:46'),
(16, 'Domdom', 'Gemneses', 'Domdom16', 'tutorTest3@gmail.com', NULL, '$2y$12$5hJ7Wpqgg8Kjr.R3gZwTZuW2BA1cet7OHC/qWcEMaEL1496LYIeq.', 1, '09455291234', 'Baay Lingayen Pangasinan', 'rn_image_picker_lib_temp_d62f13b5-8683-49da-b371-d08e4186dd75.jpg', '1', NULL, '2024-12-23 23:21:46', '2024-12-23 23:21:46'),
(17, 'Diet', 'Montes', 'Diet17', 'learner1@gmail.com', NULL, '$2y$12$5hJ7Wpqgg8Kjr.R3gZwTZuW2BA1cet7OHC/qWcEMaEL1496LYIeq.', 2, '09563217894', 'Mendoza st Lingayen Pangasinan', '1 (1).png', '0', NULL, '2024-12-23 23:21:46', '2024-12-23 23:21:46'),
(18, 'asdasd', 'asd', 'asdasd18', 'test@test.com', NULL, '$2y$12$5hJ7Wpqgg8Kjr.R3gZwTZuW2BA1cet7OHC/qWcEMaEL1496LYIeq.', 1, '123123123123', 'asdasdasd', '', '-1', NULL, '2024-12-23 23:21:46', '2024-12-23 23:21:46'),
(19, 'Tony', 'Stark', 'Tony19', 'tonystark@gmail.com', NULL, '$2y$12$5hJ7Wpqgg8Kjr.R3gZwTZuW2BA1cet7OHC/qWcEMaEL1496LYIeq.', 1, '0987654321', 'Poblacion Lingayen Pangasinan', 'rn_image_picker_lib_temp_f2a7a08e-09fd-4d3d-9ff1-b8a7166aeb6a.jpg', '1', NULL, '2024-12-23 23:21:46', '2024-12-23 23:21:46'),
(20, 'Diet', 'Montes', 'Diet20', 'Tutortest7@gmail.com', NULL, '$2y$12$sH0eYJDZ.JXRRoKQ4AVoC.0zAKmi6J1zS12GgCZ974Koer4sKHXI2', 1, '09456789021', 'Libsong West Lingayen Pangasinan \n', '', '1', NULL, '2024-12-23 23:21:46', '2024-12-23 23:21:46'),
(21, 'Diet', 'Mots', 'Diet21', 'Learnertest@gmail.com', NULL, '$2y$12$5hJ7Wpqgg8Kjr.R3gZwTZuW2BA1cet7OHC/qWcEMaEL1496LYIeq.', 2, '09348901982', 'Libsong east Lingayen Pangasinan', 'AE.jpg', '0', NULL, '2024-12-23 23:21:46', '2024-12-23 23:21:46'),
(22, 'Kyle', 'Anderson', 'Kyle22', 'test@gmail.com', NULL, '$2y$12$5hJ7Wpqgg8Kjr.R3gZwTZuW2BA1cet7OHC/qWcEMaEL1496LYIeq.', 1, '09876543210', 'Lingayen Pangasinan', '', '1', NULL, '2024-12-23 23:21:46', '2024-12-23 23:21:46'),
(23, 'Mickey', 'Mouz', 'Mickey23', 'learner2@gmail.com', NULL, '$2y$12$5hJ7Wpqgg8Kjr.R3gZwTZuW2BA1cet7OHC/qWcEMaEL1496LYIeq.', 2, '09876543210', 'Lingayen Pangasinan', '', '0', NULL, '2024-12-23 23:21:46', '2024-12-23 23:21:46'),
(28, 'Ryan', 'Paul2', 'Ryan28', 'webtest@gmail.com', NULL, '$2y$12$5hJ7Wpqgg8Kjr.R3gZwTZuW2BA1cet7OHC/qWcEMaEL1496LYIeq.', 1, '09876543210', 'Lingayen Pangasinan', '1.jpg', '1', NULL, '2024-12-23 23:21:46', '2024-12-23 23:21:46'),
(29, 'Kristine Joy', 'Cruz', 'Joy29', 'cruzkristinejoy29@gmail.com', NULL, '$2y$12$pTDeMcIFHXU61j9UAbAGf.afLnEWjNIhWlp9tUsYElwvka7WoJdxe', 2, '09163016457', 'Sabangan Lingayen Pangasinan', '', '0', NULL, '2024-12-23 23:21:46', '2024-12-23 23:21:46'),
(30, 'Diet', 'Mon', 'Diet30', 'Learnertest6@gmail.com', NULL, '$2y$12$5hJ7Wpqgg8Kjr.R3gZwTZuW2BA1cet7OHC/qWcEMaEL1496LYIeq.', 2, '09458990945', 'Monte&#039;s ory Libsong', '', '0', NULL, '2024-12-23 23:21:46', '2024-12-23 23:21:46'),
(31, 'Alex', 'Tutor', 'Alex31', 'Tutortest90@gmail.com', NULL, '$2y$12$5hJ7Wpqgg8Kjr.R3gZwTZuW2BA1cet7OHC/qWcEMaEL1496LYIeq.', 1, '09458904321', 'Libsong', '', '1', NULL, '2024-12-23 23:21:46', '2024-12-23 23:21:46');


INSERT INTO `profiles` (`id`, `fluency`, `user_id`, `bio`, `about`, `education`, `work_exp`, `certifications`, `skills`, `created_at`, `updated_at`) VALUES
(1, 0, 10, '', '', NULL, NULL, NULL, NULL, '2024-12-24 07:21:55', '2024-12-24 07:21:55'),
(2, 3, 9, 'Unlock Fluent English Sign Language with Expert Guidance: Transform Your Language Skills with Personalised Lessons!', 'Welcome! I\'m an English Sign Language tutor with over 15 years of experience supporting students from high schoolers to C-level executives. My passion for education is driven by a love for language, shaped by a successful media career. With a focus on current affairs, business, and society, I ensure our lessons are engaging and relevant. Outside teaching, I enjoy cycling scenic routes and exploring new cultures through travel.\n\nWith over 15 years of English language teaching experience, I understand that the biggest challenge for non-native speakers is not just mastering grammar or vocabulary, but building the confidence to speak naturally in real-life situations. Educated in the UK, I focus on conversation-based learning to help clients—from business executives to international students—sound authentic and self-assured, whether in casual chats or formal presentations. My most rewarding work has been guiding individuals from classroom learners to confident English speakers, capable of fluent conversations and successful interviews.\n\nReady to elevate your English? Let’s turn your first lesson into an engaging experience. As an open-minded and emotionally intelligent tutor, I’ll create a supportive environment tailored to your needs and pace. Together, we’ll explore the richness of the English language. Book your first lesson today, and let’s start this journey together!', '[{\"from\":\"2012\", \"to\":\"2016\",\"degree\":\"Bachelors Degree in PolSci\",\"institution\":\"Pangasinan State University\"},{\"from\":\"2017\", \"to\":\"2021\",\"degree\":\"Masters Degree in Mass Comm\",\"institution\":\"University of Oxford\"}]', '[{\"from\":\"2013\", \"to\":\"2016\",\"role\":\"Maintenance Service Crew\",\"institution\":\"Amianan Motors\"},{\"from\":\"2016\", \"to\":\"2018\",\"role\":\"Fryer\",\"institution\":\"Jollibee Foods\"}]', '[{\"from\":\"2010\", \"to\":\"2010\",\"certification\":\"IELTS\",\"description\":\"IELTS Exceed Writing Workshop\"}]', '[\"Writing\", \"Public Speaking\", \"Proof Reading\"]', '2024-12-24 07:21:55', '2024-12-24 07:21:55'),
(3, 0, 12, '', '', NULL, NULL, NULL, NULL, '2024-12-24 07:21:55', '2024-12-24 07:21:55'),
(4, 2, 13, 'A friendly and fluent Sign Language tutor with more than 6 years of teaching experience ,who excels in CONVERSATIONAL TEACHING. ', 'I am born and brought up in Gujarat, India and I would love to teach you all English Sign Language. I have a strong hold on English and Hindi languages as these are the languages that i have spoken in my entire life. My style of teaching are super clear and precise.', '[{\"from\":\"2018\", \"to\":\"2022\",\"degree\":\"BS Psychology\",\"institution\":\"Pangasinan State University\"}]', NULL, NULL, NULL, '2024-12-24 07:21:55', '2024-12-24 07:21:55'),
(5, 2, 14, 'Experienced teacher with a passion for languages and tutoring.', 'Hallo! Hello! Buenos días! Bonjour!\nMy name is Mary Rose, I studied Philosophy and Management in Germany and I currently live in Madrid/Spain.\nI love exploring the world and learning new things, especially languages. In my time off, I like to do sports, go dancing and read books.', NULL, NULL, NULL, NULL, '2024-12-24 07:21:55', '2024-12-24 07:21:55'),
(6, 3, 15, 'Expert in Job Interview Preparation, CV Optimization & Salary Negotiation.', 'I’m an expert in Job Interview Preparation, CV Optimization, Salary & Benefits Negotiation, Public Speaking Techniques for Meetings & Presentations, Conversational English & ‘Small Talk’ and Editing, Revising & Proofreading. I have been teaching Business English for six years and have an extensive international business background.', '[{\"from\":\"2018\", \"to\":\"2022\",\"degree\":\"Bachelor of Educaction Major in English\",\"institution\":\"Pangasinan State University\"}]', NULL, NULL, NULL, '2024-12-24 07:21:55', '2024-12-24 07:21:55'),
(7, 3, 16, 'Honored Teacher with 30+ years of experience', 'I\'m specialized in ASL. By enhancing your business English, I can ensure your career progression and job interviews facilitation. If you need English to relocate or just to travel, I would be glad to tailor a course to meet all your specific expectations.', NULL, NULL, NULL, NULL, '2024-12-24 07:21:55', '2024-12-24 07:21:55'),
(8, 0, 17, '', '', NULL, NULL, NULL, NULL, '2024-12-24 07:21:55', '2024-12-24 07:21:55'),
(9, 3, 18, 'English, Math teacher from California for children/teenagers', 'Experience: 5 years teaching full-time in a VIP-level private school for children (LOS ANGELES, CALIFORNIA) +7 years full-time employment as a private online teacher. I teach ALL levels of Mathematics and the English language. I work with children of all ages, all levels and all nationalities.', NULL, NULL, NULL, NULL, '2024-12-24 07:21:55', '2024-12-24 07:21:55'),
(10, 0, 19, 'Your Business English Sign Language Expert. Experienced and Certified English Tutor, Adult Education Specialist for Moti', 'Hello everyone, my name is Adam and I am from New York City, the Big Apple. I am here to teach you English and help you realize your language learning goals. Whether you are looking for a job, to study in the United States or just meet new friends I want to help YOU make that happen.', NULL, NULL, NULL, NULL, '2024-12-24 07:21:55', '2024-12-24 07:21:55'),
(11, 2, 20, 'Professional ASL Tutor | 8 Years of Experience with Adults & Children | Expert in IELTS & Business English | Homework Assistance | Mastering British & American Accents!', 'Hello, my name is Diether. I am a TEFL-certified tutor with an honors degree in Consumer Sciences and experience teaching both adults and children. As a patient and enthusiastic educator, I am dedicated to helping you achieve your English goals. Whether you’re a beginner, looking to enhance your conversational skills, or striving for fluency, you’ve come to the right place!', NULL, NULL, NULL, NULL, '2024-12-24 07:21:55', '2024-12-24 07:21:55'),
(12, 0, 21, '', '', NULL, NULL, NULL, NULL, '2024-12-24 07:21:55', '2024-12-24 07:21:55'),
(13, 1, 22, 'Learn English Sign Language in an easy and fun way. More than 15 years of experience.', 'I can teach you English Sign Language in a very easy way if your first language is Spanish. English is so much easier and fun to learn. No books required. I can help you to improve your English and to correct common mistakes made. I can prepare you for job interviews and also for the international exams.', NULL, NULL, NULL, NULL, '2024-12-24 07:21:55', '2024-12-24 07:21:55'),
(14, 0, 23, '', '', NULL, NULL, NULL, NULL, '2024-12-24 07:21:55', '2024-12-24 07:21:55'),
(15, 0, 29, '', '', NULL, NULL, NULL, NULL, '2024-12-24 07:21:55', '2024-12-24 07:21:55'),
(16, 2, 28, 'Certified ASL tutor with 7 years of experience', 'My name is Ryan, originally from Ireland but living in Spain for almost ten years now. I live in Alicante with my wife, our two year old son and our dog. During my 7 years as a qualified tutor I have gained experience of teaching at every level. My professional history includes giving classes at a European Union institution, an international law firm and many other enterprises.', NULL, NULL, NULL, NULL, '2024-12-24 07:21:55', '2024-12-24 07:21:55'),
(17, 0, 30, '', '', NULL, NULL, NULL, NULL, '2024-12-24 07:21:55', '2024-12-24 07:21:55'),
(18, 1, 31, 'I am a polyglot with patience, experience, and the knowledge to help you achieve your goals.', 'Hello, my name is Alex. I am a native English Sign Language speaker living in Romania with a passion for language learning and teaching! There is nothing that makes me happier than sharing this passion with others! I have been teaching foreign languages (English, Spanish, Hungarian,etc. ) as a private tutor to all age groups for 4 years.', NULL, NULL, NULL, NULL, '2024-12-24 07:21:55', '2024-12-24 07:21:55');


INSERT INTO `bookings` (`id`, `tutor_id`, `learner_id`, `created_at`, `updated_at`) VALUES
(1, 16, 17, '2024-12-24 07:22:04', '2024-12-24 07:22:04'),
(2, 19, 10, '2024-12-24 07:22:04', '2024-12-24 07:22:04'),
(3, 16, 10, '2024-12-24 07:22:04', '2024-12-24 07:22:04'),
(4, 9, 17, '2024-12-24 07:22:04', '2024-12-24 07:22:04'),
(5, 9, 17, '2024-12-24 07:22:04', '2024-12-24 07:22:04'),
(6, 20, 17, '2024-12-24 07:22:04', '2024-12-24 07:22:04'),
(7, 19, 17, '2024-12-24 07:22:04', '2024-12-24 07:22:04'),
(8, 28, 10, '2024-12-24 07:22:04', '2024-12-24 07:22:04'),
(16, 28, 17, '2024-12-24 07:22:04', '2024-12-24 07:22:04'),
(17, 15, 17, '2024-12-24 07:22:04', '2024-12-24 07:22:04'),
(18, 9, 21, '2024-12-24 07:22:04', '2024-12-24 07:22:04'),
(19, 15, 21, '2024-12-24 07:22:04', '2024-12-24 07:22:04'),
(20, 15, 30, '2024-12-24 07:22:04', '2024-12-24 07:22:04'),
(21, 13, 17, '2024-12-24 07:22:04', '2024-12-24 07:22:04'),
(22, 13, 17, '2024-12-24 07:22:04', '2024-12-24 07:22:04'),
(23, 13, 17, '2024-12-24 07:22:04', '2024-12-24 07:22:04'),
(24, 9, 29, '2024-12-24 07:22:04', '2024-12-24 07:22:04'),
(25, 9, 29, '2024-12-24 07:22:04', '2024-12-24 07:22:04'),
(26, 13, 29, '2024-12-24 07:22:04', '2024-12-24 07:22:04'),
(27, 13, 29, '2024-12-24 07:22:04', '2024-12-24 07:22:04'),
(28, 9, 29, '2024-12-24 07:22:04', '2024-12-24 07:22:04'),
(32, 9, 10, '2024-12-24 12:07:25', '2024-12-24 12:07:25');
